date,customer_id,amount,category
2026-06-19,CUST0015,247.42,Shirts
2026-06-19,CUST0140,344.9,Ethnic Wear
2026-06-19,CUST0153,381.91,Kids Wear
2026-06-19,CUST0112,241.05,Shirts
2026-06-19,CUST0076,223.36,Trousers
2026-06-19,CUST0084,248.56,Saree
2026-06-19,CUST0072,223.26,Trousers
2026-06-19,CUST0054,223.41,Trousers
2026-06-19,CUST0012,274.48,Trousers
2026-06-19,CUST0055,229.15,Shirts
2026-06-19,CUST0070,229.15,Shirts
2026-06-19,CUST0087,273.08,Saree
2026-06-19,CUST0018,251.19,Saree
2026-06-19,CUST0036,231.54,Trousers
2026-06-19,CUST0065,254.19,Saree
2026-06-20,CUST0049,236.69,Shirts
2026-06-20,CUST0127,309.34,Saree
2026-06-20,CUST0091,206.23,Shirts
2026-06-20,CUST0047,237.77,Saree
2026-06-20,CUST0038,199.38,Ethnic Wear
2026-06-20,CUST0016,229.36,Kids Wear
2026-06-20,CUST0080,221.39,Ethnic Wear
2026-06-20,CUST0034,199.69,Ethnic Wear
2026-06-20,CUST0109,212.3,Trousers
2026-06-20,CUST0021,187.17,Saree
2026-06-20,CUST0049,242.86,Shirts
2026-06-20,CUST0044,209.68,Shirts
2026-06-20,CUST0044,191.88,Trousers
2026-06-20,CUST0028,220.94,Kids Wear
2026-06-20,CUST0094,271.64,Kurta
2026-06-21,CUST0151,301.16,Kids Wear
2026-06-21,CUST0119,239.92,Saree
2026-06-21,CUST0049,201.8,Trousers
2026-06-21,CUST0032,186.01,Trousers
2026-06-21,CUST0022,240.22,Kurta
2026-06-21,CUST0010,204.48,Saree
2026-06-21,CUST0086,208.56,Trousers
2026-06-21,CUST0048,234.66,Kurta
2026-06-21,CUST0107,281.31,Kurta
2026-06-21,CUST0036,219.96,Kurta
2026-06-21,CUST0111,227.71,Shirts
2026-06-21,CUST0011,219.98,Ethnic Wear
2026-06-21,CUST0030,244.39,Ethnic Wear
2026-06-21,CUST0120,255.56,Saree
2026-06-22,CUST0124,323.38,Kurta
2026-06-22,CUST0137,249.07,Shirts
2026-06-22,CUST0032,225.37,Saree
2026-06-22,CUST0155,325.74,Shirts
2026-06-22,CUST0157,283.94,Ethnic Wear
2026-06-22,CUST0019,243.1,Trousers
2026-06-22,CUST0052,198.04,Trousers
2026-06-22,CUST0064,243.59,Kurta
2026-06-22,CUST0029,253.46,Saree
2026-06-22,CUST0108,239.28,Ethnic Wear
2026-06-22,CUST0008,232.11,Trousers
2026-06-22,CUST0005,227.47,Ethnic Wear
2026-06-22,CUST0028,217.0,Kids Wear
2026-06-22,CUST0073,223.48,Ethnic Wear
2026-06-22,CUST0041,261.43,Trousers
2026-06-22,CUST0118,190.92,Saree
2026-06-23,CUST0138,222.05,Kids Wear
2026-06-23,CUST0143,354.69,Kurta
2026-06-23,CUST0071,205.09,Ethnic Wear
2026-06-23,CUST0122,328.86,Kurta
2026-06-23,CUST0081,243.28,Trousers
2026-06-23,CUST0034,218.08,Saree
2026-06-23,CUST0055,250.29,Ethnic Wear
2026-06-23,CUST0052,260.77,Kurta
2026-06-23,CUST0018,258.28,Kurta
2026-06-23,CUST0012,214.02,Ethnic Wear
2026-06-23,CUST0077,230.36,Kids Wear
2026-06-23,CUST0111,227.27,Shirts
2026-06-23,CUST0009,223.02,Kurta
2026-06-23,CUST0088,259.39,Kurta
2026-06-23,CUST0068,207.34,Trousers
2026-06-24,CUST0145,338.36,Ethnic Wear
2026-06-24,CUST0152,318.34,Kurta
2026-06-24,CUST0088,255.31,Saree
2026-06-24,CUST0159,311.52,Shirts
2026-06-24,CUST0034,273.45,Kids Wear
2026-06-24,CUST0059,218.87,Shirts
2026-06-24,CUST0038,244.04,Kurta
2026-06-24,CUST0083,260.09,Trousers
2026-06-24,CUST0097,233.2,Trousers
2026-06-24,CUST0088,268.91,Ethnic Wear
2026-06-24,CUST0093,244.03,Ethnic Wear
2026-06-25,CUST0124,285.49,Saree
2026-06-25,CUST0130,356.77,Saree
2026-06-25,CUST0126,308.67,Kids Wear
2026-06-25,CUST0158,330.91,Shirts
2026-06-25,CUST0021,227.52,Kurta
2026-06-25,CUST0100,237.29,Kids Wear
2026-06-25,CUST0104,222.04,Trousers
2026-06-25,CUST0113,271.95,Kids Wear
2026-06-25,CUST0015,243.93,Kids Wear
2026-06-25,CUST0042,229.51,Kurta
2026-06-25,CUST0118,185.31,Shirts
2026-06-25,CUST0008,214.79,Trousers
2026-06-25,CUST0073,222.46,Kids Wear
2026-06-25,CUST0020,237.18,Kurta
2026-06-25,CUST0065,255.55,Saree
2026-06-25,CUST0039,169.51,Ethnic Wear
2026-06-25,CUST0014,274.12,Ethnic Wear
2026-06-25,CUST0023,234.1,Kurta
2026-06-25,CUST0162,260.97,Ethnic Wear
2026-06-26,CUST0071,237.43,Trousers
2026-06-26,CUST0124,321.43,Saree
2026-06-26,CUST0009,243.22,Kids Wear
2026-06-26,CUST0068,259.22,Ethnic Wear
2026-06-26,CUST0141,267.2,Trousers
2026-06-26,CUST0137,372.62,Ethnic Wear
2026-06-26,CUST0017,247.83,Saree
2026-06-26,CUST0156,362.7,Ethnic Wear
2026-06-26,CUST0094,257.89,Kurta
2026-06-26,CUST0121,287.17,Trousers
2026-06-26,CUST0069,221.76,Ethnic Wear
2026-06-26,CUST0055,217.45,Kids Wear
2026-06-26,CUST0119,226.81,Kurta
2026-06-27,CUST0009,230.97,Kids Wear
2026-06-27,CUST0001,226.43,Shirts
2026-06-27,CUST0111,245.1,Trousers
2026-06-27,CUST0066,282.15,Trousers
2026-06-27,CUST0030,224.48,Saree
2026-06-27,CUST0136,352.95,Trousers
2026-06-27,CUST0144,363.17,Kids Wear
2026-06-27,CUST0003,199.62,Saree
2026-06-27,CUST0029,229.14,Shirts
2026-06-27,CUST0058,235.13,Shirts
2026-06-27,CUST0057,241.53,Ethnic Wear
2026-06-27,CUST0086,242.4,Saree
2026-06-27,CUST0121,276.71,Ethnic Wear
2026-06-27,CUST0040,198.41,Kurta
2026-06-27,CUST0089,225.2,Trousers
2026-06-27,CUST0139,289.92,Kurta
2026-06-27,CUST0081,214.94,Shirts
2026-06-28,CUST0153,287.15,Kurta
2026-06-28,CUST0144,328.27,Shirts
2026-06-28,CUST0154,365.97,Trousers
2026-06-28,CUST0087,234.13,Saree
2026-06-28,CUST0025,236.51,Shirts
2026-06-28,CUST0132,311.86,Ethnic Wear
2026-06-28,CUST0063,239.36,Trousers
2026-06-28,CUST0017,241.44,Saree
2026-06-28,CUST0126,289.3,Trousers
2026-06-28,CUST0113,233.14,Saree
2026-06-28,CUST0061,187.03,Trousers
2026-06-28,CUST0061,234.34,Ethnic Wear
2026-06-28,CUST0111,242.54,Saree
2026-06-28,CUST0085,296.58,Kurta
2026-06-28,CUST0083,205.78,Shirts
2026-06-28,CUST0055,230.19,Kurta
2026-06-28,CUST0103,253.8,Ethnic Wear
2026-06-28,CUST0052,263.57,Saree
2026-06-29,CUST0136,315.32,Saree
2026-06-29,CUST0156,288.59,Saree
2026-06-29,CUST0163,291.64,Ethnic Wear
2026-06-29,CUST0121,284.5,Saree
2026-06-29,CUST0111,289.76,Ethnic Wear
2026-06-29,CUST0010,249.67,Kurta
2026-06-29,CUST0032,199.95,Ethnic Wear
2026-06-29,CUST0012,237.49,Kids Wear
2026-06-29,CUST0024,270.07,Trousers
2026-06-29,CUST0058,212.27,Shirts
2026-06-29,CUST0025,254.78,Trousers
2026-06-29,CUST0013,210.24,Shirts
2026-06-29,CUST0070,220.84,Ethnic Wear
2026-06-30,CUST0138,287.79,Kids Wear
2026-06-30,CUST0034,212.01,Kids Wear
2026-06-30,CUST0111,236.71,Kurta
2026-06-30,CUST0101,273.75,Kurta
2026-06-30,CUST0055,215.42,Saree
2026-06-30,CUST0094,226.95,Kids Wear
2026-06-30,CUST0063,196.23,Kurta
2026-06-30,CUST0072,255.34,Saree
2026-06-30,CUST0063,204.23,Trousers
2026-06-30,CUST0001,246.84,Kids Wear
2026-06-30,CUST0038,240.69,Trousers
2026-06-30,CUST0070,194.81,Shirts
2026-06-30,CUST0148,343.63,Shirts
2026-06-30,CUST0031,222.41,Trousers
2026-06-30,CUST0127,411.08,Kids Wear
2026-06-30,CUST0123,371.9,Trousers
2026-06-30,CUST0008,267.68,Saree
2026-06-30,CUST0008,208.44,Trousers
2026-07-01,CUST0134,396.53,Shirts
2026-07-01,CUST0052,241.26,Shirts
2026-07-01,CUST0114,243.66,Saree
2026-07-01,CUST0075,218.0,Saree
2026-07-01,CUST0011,201.99,Ethnic Wear
2026-07-01,CUST0139,338.33,Saree
2026-07-01,CUST0087,242.42,Ethnic Wear
2026-07-01,CUST0149,246.64,Trousers
2026-07-01,CUST0008,239.62,Shirts
2026-07-01,CUST0062,241.5,Kurta
2026-07-01,CUST0110,254.55,Kurta
2026-07-01,CUST0008,204.08,Kids Wear
2026-07-01,CUST0009,248.05,Saree
2026-07-02,CUST0134,319.98,Kids Wear
2026-07-02,CUST0027,281.64,Saree
2026-07-02,CUST0011,240.81,Kurta
2026-07-02,CUST0161,372.96,Ethnic Wear
2026-07-02,CUST0075,242.33,Saree
2026-07-02,CUST0140,306.03,Saree
2026-07-02,CUST0041,246.85,Trousers
2026-07-02,CUST0041,217.14,Kids Wear
2026-07-02,CUST0051,205.22,Shirts
2026-07-02,CUST0083,251.41,Trousers
2026-07-02,CUST0041,210.63,Kids Wear
2026-07-02,CUST0120,254.68,Shirts
2026-07-02,CUST0059,263.96,Saree
2026-07-02,CUST0073,214.48,Kids Wear
2026-07-02,CUST0010,259.08,Kurta
2026-07-03,CUST0142,324.08,Saree
2026-07-03,CUST0131,303.32,Trousers
2026-07-03,CUST0015,235.33,Ethnic Wear
2026-07-03,CUST0113,255.68,Shirts
2026-07-03,CUST0085,241.92,Shirts
2026-07-03,CUST0071,243.53,Trousers
2026-07-03,CUST0002,233.07,Saree
2026-07-03,CUST0150,271.32,Saree
2026-07-03,CUST0104,214.6,Saree
2026-07-03,CUST0039,212.76,Saree
2026-07-03,CUST0152,300.11,Shirts
2026-07-03,CUST0153,298.76,Kids Wear
2026-07-03,CUST0107,216.16,Kurta
2026-07-03,CUST0037,228.87,Trousers
2026-07-03,CUST0113,282.42,Trousers
2026-07-03,CUST0045,255.55,Ethnic Wear
2026-07-03,CUST0034,245.32,Shirts
2026-07-04,CUST0151,309.86,Saree
2026-07-04,CUST0071,271.34,Trousers
2026-07-04,CUST0143,259.94,Saree
2026-07-04,CUST0037,228.38,Saree
2026-07-04,CUST0092,303.0,Trousers
2026-07-04,CUST0034,213.57,Kurta
2026-07-04,CUST0033,208.23,Kids Wear
2026-07-04,CUST0109,247.06,Shirts
2026-07-04,CUST0088,250.64,Saree
2026-07-04,CUST0036,252.85,Shirts
2026-07-04,CUST0043,246.83,Ethnic Wear
2026-07-04,CUST0082,233.18,Kids Wear
2026-07-04,CUST0021,213.83,Saree
2026-07-04,CUST0071,197.13,Saree
2026-07-04,CUST0082,229.41,Kurta
2026-07-04,CUST0127,357.54,Trousers
2026-07-05,CUST0157,379.44,Ethnic Wear
2026-07-05,CUST0100,249.02,Saree
2026-07-05,CUST0086,243.94,Shirts
2026-07-05,CUST0006,236.46,Ethnic Wear
2026-07-05,CUST0102,238.84,Kids Wear
2026-07-05,CUST0047,212.9,Ethnic Wear
2026-07-05,CUST0017,244.63,Shirts
2026-07-05,CUST0027,206.43,Saree
2026-07-05,CUST0147,315.12,Saree
2026-07-05,CUST0145,306.41,Saree
2026-07-05,CUST0107,203.86,Kurta
2026-07-05,CUST0020,240.35,Kurta
2026-07-05,CUST0114,256.41,Saree
2026-07-05,CUST0002,223.84,Shirts
2026-07-05,CUST0071,239.33,Shirts
2026-07-06,CUST0090,251.28,Shirts
2026-07-06,CUST0021,211.55,Kids Wear
2026-07-06,CUST0104,247.88,Trousers
2026-07-06,CUST0161,290.67,Ethnic Wear
2026-07-06,CUST0053,247.84,Shirts
2026-07-06,CUST0095,247.88,Kids Wear
2026-07-06,CUST0101,331.32,Kids Wear
2026-07-06,CUST0096,261.35,Trousers
2026-07-06,CUST0120,200.56,Trousers
2026-07-06,CUST0095,263.39,Ethnic Wear
2026-07-06,CUST0035,258.85,Trousers
2026-07-06,CUST0112,227.12,Shirts
2026-07-06,CUST0061,253.97,Trousers
2026-07-06,CUST0053,262.08,Kids Wear
2026-07-06,CUST0152,228.33,Kurta
2026-07-06,CUST0132,294.27,Shirts
2026-07-06,CUST0103,249.27,Saree
2026-07-07,CUST0162,351.88,Ethnic Wear
2026-07-07,CUST0148,291.91,Kurta
2026-07-07,CUST0126,381.78,Kurta
2026-07-07,CUST0087,223.2,Kids Wear
2026-07-07,CUST0118,215.68,Kurta
2026-07-07,CUST0040,229.08,Ethnic Wear
2026-07-07,CUST0112,222.87,Trousers
2026-07-07,CUST0004,237.05,Saree
2026-07-07,CUST0052,292.87,Trousers
2026-07-07,CUST0111,188.32,Shirts
2026-07-07,CUST0099,252.16,Trousers
2026-07-07,CUST0083,194.68,Kurta
2026-07-07,CUST0077,251.99,Kurta
2026-07-07,CUST0069,262.22,Trousers
2026-07-07,CUST0004,236.61,Shirts
2026-07-07,CUST0034,217.12,Shirts
2026-07-07,CUST0034,208.06,Trousers
2026-07-08,CUST0047,256.31,Kurta
2026-07-08,CUST0086,215.19,Kids Wear
2026-07-08,CUST0093,239.66,Kids Wear
2026-07-08,CUST0095,218.46,Saree
2026-07-08,CUST0080,232.13,Trousers
2026-07-08,CUST0163,308.46,Shirts
2026-07-08,CUST0144,327.91,Saree
2026-07-08,CUST0157,290.64,Ethnic Wear
2026-07-08,CUST0104,184.37,Kurta
2026-07-08,CUST0109,247.62,Shirts
2026-07-08,CUST0153,335.63,Trousers
2026-07-08,CUST0001,250.85,Kurta
2026-07-08,CUST0074,218.71,Trousers
2026-07-08,CUST0136,317.76,Trousers
2026-07-08,CUST0134,373.1,Shirts
2026-07-08,CUST0015,236.14,Kurta
2026-07-08,CUST0129,330.29,Ethnic Wear
2026-07-08,CUST0078,240.41,Kids Wear
2026-07-08,CUST0101,216.74,Trousers
2026-07-08,CUST0006,288.6,Saree
2026-07-09,CUST0039,203.48,Kurta
2026-07-09,CUST0023,245.12,Saree
2026-07-09,CUST0087,279.14,Saree
2026-07-09,CUST0090,226.64,Trousers
2026-07-09,CUST0017,223.13,Trousers
2026-07-09,CUST0037,288.05,Trousers
2026-07-09,CUST0053,204.99,Trousers
2026-07-09,CUST0065,256.64,Trousers
2026-07-09,CUST0086,218.67,Kids Wear
2026-07-09,CUST0107,257.95,Shirts
2026-07-10,CUST0040,209.39,Trousers
2026-07-10,CUST0097,153.97,Trousers
2026-07-10,CUST0085,211.83,Saree
2026-07-10,CUST0066,266.67,Kurta
2026-07-10,CUST0057,222.89,Saree
2026-07-10,CUST0043,233.51,Shirts
2026-07-10,CUST0026,228.69,Shirts
2026-07-10,CUST0011,254.37,Trousers
2026-07-10,CUST0061,275.81,Saree
2026-07-10,CUST0042,197.02,Kurta
2026-07-10,CUST0075,260.81,Saree
2026-07-10,CUST0147,252.77,Trousers
2026-07-10,CUST0095,246.1,Trousers
2026-07-10,CUST0130,365.29,Ethnic Wear
2026-07-10,CUST0128,333.36,Ethnic Wear
2026-07-10,CUST0006,203.81,Trousers
2026-07-10,CUST0116,217.31,Kids Wear
2026-07-11,CUST0018,237.84,Ethnic Wear
2026-07-11,CUST0067,219.99,Kurta
2026-07-11,CUST0055,246.55,Trousers
2026-07-11,CUST0114,210.46,Shirts
2026-07-11,CUST0097,235.26,Ethnic Wear
2026-07-11,CUST0161,325.97,Ethnic Wear
2026-07-11,CUST0089,264.08,Shirts
2026-07-11,CUST0103,239.98,Kids Wear
2026-07-11,CUST0032,199.1,Shirts
2026-07-11,CUST0072,236.75,Trousers
2026-07-11,CUST0025,238.27,Saree
2026-07-11,CUST0114,224.0,Saree
2026-07-11,CUST0109,225.37,Shirts
2026-07-11,CUST0010,199.25,Kurta
2026-07-11,CUST0050,271.03,Kurta
2026-07-12,CUST0036,222.67,Ethnic Wear
2026-07-12,CUST0058,219.43,Trousers
2026-07-12,CUST0096,242.02,Ethnic Wear
2026-07-12,CUST0067,220.27,Kurta
2026-07-12,CUST0058,249.71,Ethnic Wear
2026-07-12,CUST0031,256.24,Trousers
2026-07-12,CUST0032,229.8,Ethnic Wear
2026-07-12,CUST0107,231.21,Kids Wear
2026-07-12,CUST0115,186.2,Kurta
2026-07-12,CUST0079,288.33,Ethnic Wear
2026-07-12,CUST0097,204.05,Ethnic Wear
2026-07-12,CUST0148,283.9,Trousers
2026-07-12,CUST0077,274.65,Trousers
2026-07-12,CUST0068,251.55,Kids Wear
2026-07-13,CUST0122,318.12,Shirts
2026-07-13,CUST0128,383.87,Kids Wear
2026-07-13,CUST0092,243.93,Trousers
2026-07-13,CUST0035,217.68,Trousers
2026-07-13,CUST0115,257.49,Kurta
2026-07-13,CUST0018,242.68,Trousers
2026-07-13,CUST0152,282.72,Ethnic Wear
2026-07-13,CUST0050,255.32,Saree
2026-07-13,CUST0091,250.74,Trousers
2026-07-13,CUST0054,214.28,Kurta
2026-07-13,CUST0070,221.0,Kurta
2026-07-13,CUST0160,334.54,Kurta
2026-07-14,CUST0132,317.64,Ethnic Wear
2026-07-14,CUST0160,243.26,Shirts
2026-07-14,CUST0141,248.98,Kurta
2026-07-14,CUST0050,229.95,Ethnic Wear
2026-07-14,CUST0046,248.68,Trousers
2026-07-14,CUST0098,266.94,Saree
2026-07-14,CUST0003,237.93,Ethnic Wear
2026-07-14,CUST0075,234.48,Kids Wear
2026-07-14,CUST0027,253.68,Ethnic Wear
2026-07-14,CUST0062,220.21,Shirts
2026-07-14,CUST0050,250.26,Kids Wear
2026-07-15,CUST0132,311.15,Kurta
2026-07-15,CUST0159,327.45,Kurta
2026-07-15,CUST0158,287.05,Trousers
2026-07-15,CUST0148,292.15,Kurta
2026-07-15,CUST0156,351.98,Saree
2026-07-15,CUST0018,287.31,Ethnic Wear
2026-07-15,CUST0011,214.54,Saree
2026-07-15,CUST0073,249.88,Saree
2026-07-15,CUST0117,237.42,Kurta
2026-07-15,CUST0080,231.75,Kurta
2026-07-15,CUST0060,243.1,Kids Wear
2026-07-15,CUST0093,227.24,Trousers
2026-07-15,CUST0050,235.53,Trousers
2026-07-15,CUST0087,252.05,Ethnic Wear
2026-07-15,CUST0063,255.34,Trousers
2026-07-15,CUST0078,255.64,Ethnic Wear
2026-07-15,CUST0095,262.47,Kurta
2026-07-15,CUST0054,229.56,Kurta
2026-07-15,CUST0056,267.64,Kurta
2026-07-16,CUST0054,250.71,Trousers
2026-07-16,CUST0045,236.9,Trousers
2026-07-16,CUST0137,325.09,Saree
2026-07-16,CUST0011,234.69,Kurta
2026-07-16,CUST0097,250.6,Kids Wear
2026-07-16,CUST0096,212.57,Kurta
2026-07-16,CUST0042,263.95,Trousers
2026-07-16,CUST0042,204.65,Trousers
2026-07-16,CUST0007,209.85,Trousers
2026-07-16,CUST0121,357.56,Ethnic Wear
2026-07-16,CUST0113,254.79,Kurta
2026-07-17,CUST0149,340.42,Ethnic Wear
2026-07-17,CUST0140,258.79,Kurta
2026-07-17,CUST0033,214.44,Ethnic Wear
2026-07-17,CUST0028,220.91,Kurta
2026-07-17,CUST0086,245.32,Shirts
2026-07-17,CUST0140,287.44,Kids Wear
2026-07-17,CUST0163,303.09,Kids Wear
2026-07-17,CUST0003,214.36,Saree
2026-07-17,CUST0032,231.32,Trousers
2026-07-17,CUST0006,259.38,Ethnic Wear
2026-07-17,CUST0100,218.07,Kids Wear
2026-07-17,CUST0031,226.97,Shirts
2026-07-18,CUST0078,241.09,Saree
2026-07-18,CUST0096,241.12,Saree
2026-07-18,CUST0092,217.04,Trousers
2026-07-18,CUST0100,222.33,Ethnic Wear
2026-07-18,CUST0040,223.22,Shirts
2026-07-18,CUST0004,240.8,Kids Wear
2026-07-18,CUST0074,198.8,Saree
2026-07-18,CUST0049,199.81,Kurta
2026-07-18,CUST0076,229.66,Saree
2026-07-18,CUST0122,335.32,Kurta
2026-07-19,CUST0099,271.88,Trousers
2026-07-19,CUST0129,352.67,Shirts
2026-07-19,CUST0135,292.14,Kids Wear
2026-07-19,CUST0059,232.28,Saree
2026-07-19,CUST0082,273.32,Ethnic Wear
2026-07-19,CUST0056,247.98,Kids Wear
2026-07-19,CUST0106,214.32,Kurta
2026-07-19,CUST0002,243.07,Ethnic Wear
2026-07-19,CUST0155,284.12,Ethnic Wear
2026-07-19,CUST0065,227.78,Saree
2026-07-19,CUST0088,256.44,Saree
2026-07-19,CUST0016,231.0,Ethnic Wear
2026-07-19,CUST0073,234.52,Ethnic Wear
2026-07-19,CUST0032,242.77,Shirts
2026-07-19,CUST0085,234.54,Kurta
2026-07-19,CUST0045,209.94,Kurta
2026-07-20,CUST0128,288.77,Ethnic Wear
2026-07-20,CUST0151,345.09,Trousers
2026-07-20,CUST0079,258.98,Saree
2026-07-20,CUST0142,300.35,Ethnic Wear
2026-07-20,CUST0113,247.45,Kurta
2026-07-20,CUST0120,235.61,Shirts
2026-07-20,CUST0110,215.67,Trousers
2026-07-20,CUST0097,271.28,Kurta
2026-07-20,CUST0076,237.44,Trousers
2026-07-20,CUST0056,235.31,Ethnic Wear
2026-07-20,CUST0100,240.6,Kurta
2026-07-20,CUST0104,224.97,Kids Wear
2026-07-20,CUST0084,252.25,Trousers
2026-07-20,CUST0023,245.04,Saree
2026-07-21,CUST0139,269.15,Saree
2026-07-21,CUST0072,221.86,Ethnic Wear
2026-07-21,CUST0093,181.9,Kurta
2026-07-21,CUST0025,220.02,Shirts
2026-07-21,CUST0002,214.01,Kurta
2026-07-21,CUST0113,289.75,Saree
2026-07-21,CUST0034,239.58,Trousers
2026-07-21,CUST0028,256.81,Kurta
2026-07-21,CUST0042,215.82,Trousers
2026-07-21,CUST0157,326.97,Ethnic Wear
2026-07-21,CUST0141,383.87,Ethnic Wear
2026-07-21,CUST0113,214.79,Trousers
2026-07-21,CUST0004,288.83,Kurta
2026-07-22,CUST0125,336.34,Shirts
2026-07-22,CUST0121,366.82,Trousers
2026-07-22,CUST0163,353.15,Ethnic Wear
2026-07-22,CUST0061,216.02,Saree
2026-07-22,CUST0090,280.79,Kurta
2026-07-22,CUST0063,238.76,Kurta
2026-07-22,CUST0003,243.54,Shirts
2026-07-22,CUST0029,281.9,Kurta
2026-07-22,CUST0032,258.76,Trousers
2026-07-22,CUST0075,220.58,Kurta
2026-07-22,CUST0071,212.54,Kurta
2026-07-22,CUST0055,247.3,Kids Wear
2026-07-22,CUST0071,201.99,Trousers
2026-07-22,CUST0040,264.49,Trousers
2026-07-22,CUST0016,223.27,Saree
2026-07-22,CUST0041,192.17,Shirts
2026-07-23,CUST0038,236.17,Trousers
2026-07-23,CUST0023,223.75,Trousers
2026-07-23,CUST0090,238.01,Kids Wear
2026-07-23,CUST0036,208.31,Shirts
2026-07-23,CUST0007,231.44,Saree
2026-07-23,CUST0013,235.13,Ethnic Wear
2026-07-23,CUST0091,250.57,Kurta
2026-07-23,CUST0068,220.02,Saree
2026-07-23,CUST0025,232.14,Trousers
2026-07-23,CUST0062,265.95,Trousers
2026-07-23,CUST0098,268.85,Saree
2026-07-23,CUST0148,234.42,Kurta
2026-07-23,CUST0155,335.41,Kids Wear
2026-07-23,CUST0125,390.41,Ethnic Wear
2026-07-23,CUST0076,195.14,Kids Wear
2026-07-24,CUST0146,308.39,Ethnic Wear
2026-07-24,CUST0039,286.52,Shirts
2026-07-24,CUST0020,236.69,Ethnic Wear
2026-07-24,CUST0088,264.48,Shirts
2026-07-24,CUST0010,237.89,Saree
2026-07-24,CUST0009,273.78,Kurta
2026-07-24,CUST0062,216.29,Shirts
2026-07-24,CUST0033,243.31,Kids Wear
2026-07-24,CUST0032,278.88,Shirts
2026-07-24,CUST0133,255.61,Saree
2026-07-24,CUST0149,341.43,Ethnic Wear
2026-07-24,CUST0133,335.82,Kurta
2026-07-24,CUST0014,252.79,Ethnic Wear
2026-07-24,CUST0112,247.86,Ethnic Wear
2026-07-24,CUST0062,196.65,Kurta
2026-07-24,CUST0024,266.94,Kids Wear
2026-07-24,CUST0074,206.88,Trousers
2026-07-25,CUST0144,335.71,Ethnic Wear
2026-07-25,CUST0058,236.85,Saree
2026-07-25,CUST0147,282.76,Kurta
2026-07-25,CUST0146,382.04,Kurta
2026-07-25,CUST0080,261.46,Shirts
2026-07-25,CUST0021,272.56,Shirts
2026-07-25,CUST0023,252.94,Saree
2026-07-25,CUST0011,228.26,Trousers
2026-07-25,CUST0028,184.02,Trousers
2026-07-25,CUST0098,205.42,Trousers
2026-07-25,CUST0055,252.15,Trousers
2026-07-25,CUST0095,191.03,Shirts
2026-07-25,CUST0058,269.22,Kids Wear
2026-07-25,CUST0100,251.13,Kurta
2026-07-25,CUST0102,259.29,Saree
2026-07-25,CUST0054,228.78,Saree
2026-07-25,CUST0125,302.92,Trousers
2026-07-25,CUST0039,210.88,Ethnic Wear
2026-07-26,CUST0085,183.31,Ethnic Wear
2026-07-26,CUST0131,277.32,Trousers
2026-07-26,CUST0106,244.16,Shirts
2026-07-26,CUST0020,251.74,Kids Wear
2026-07-26,CUST0134,297.69,Shirts
2026-07-26,CUST0134,318.77,Trousers
2026-07-26,CUST0070,202.39,Trousers
2026-07-26,CUST0026,232.77,Kurta
2026-07-26,CUST0135,321.16,Ethnic Wear
2026-07-26,CUST0102,234.18,Saree
2026-07-26,CUST0143,367.75,Saree
2026-07-26,CUST0010,233.61,Saree
2026-07-26,CUST0090,192.42,Ethnic Wear
2026-07-26,CUST0037,200.5,Saree
2026-07-26,CUST0038,275.72,Shirts
2026-07-26,CUST0138,252.08,Shirts
2026-07-26,CUST0119,244.6,Trousers
2026-07-26,CUST0157,317.92,Trousers
2026-07-27,CUST0057,233.43,Shirts
2026-07-27,CUST0089,258.88,Trousers
2026-07-27,CUST0052,210.36,Kids Wear
2026-07-27,CUST0065,247.6,Kurta
2026-07-27,CUST0057,221.74,Shirts
2026-07-27,CUST0138,327.6,Kurta
2026-07-27,CUST0077,222.15,Saree
2026-07-27,CUST0022,211.5,Ethnic Wear
2026-07-27,CUST0135,334.32,Kids Wear
2026-07-27,CUST0140,319.75,Trousers
2026-07-27,CUST0073,208.52,Kids Wear
2026-07-28,CUST0087,235.88,Ethnic Wear
2026-07-28,CUST0074,205.05,Saree
2026-07-28,CUST0156,393.01,Kids Wear
2026-07-28,CUST0003,284.12,Kids Wear
2026-07-28,CUST0087,221.16,Ethnic Wear
2026-07-28,CUST0074,217.51,Shirts
2026-07-28,CUST0042,232.32,Saree
2026-07-28,CUST0114,215.18,Kurta
2026-07-28,CUST0142,308.18,Kids Wear
2026-07-28,CUST0126,280.76,Shirts
2026-07-28,CUST0159,395.69,Kids Wear
2026-07-28,CUST0004,209.12,Shirts
2026-07-28,CUST0137,287.64,Kurta
2026-07-29,CUST0158,309.03,Trousers
2026-07-29,CUST0041,249.41,Trousers
2026-07-29,CUST0005,228.77,Kurta
2026-07-29,CUST0105,276.12,Ethnic Wear
2026-07-29,CUST0085,269.17,Kids Wear
2026-07-29,CUST0089,197.12,Kurta
2026-07-29,CUST0053,220.6,Trousers
2026-07-29,CUST0012,221.74,Kurta
2026-07-29,CUST0105,253.94,Kurta
2026-07-29,CUST0075,250.35,Kurta
2026-07-29,CUST0036,229.48,Trousers
2026-07-29,CUST0084,232.19,Kurta
2026-07-29,CUST0023,240.35,Kurta
2026-07-29,CUST0086,228.12,Shirts
2026-07-29,CUST0160,299.7,Ethnic Wear
2026-07-29,CUST0021,177.45,Trousers
2026-07-30,CUST0047,194.84,Saree
2026-07-30,CUST0152,269.94,Kurta
2026-07-30,CUST0142,319.73,Kurta
2026-07-30,CUST0007,211.11,Trousers
2026-07-30,CUST0131,315.87,Saree
2026-07-30,CUST0098,216.09,Shirts
2026-07-30,CUST0099,242.78,Kurta
2026-07-30,CUST0064,240.09,Saree
2026-07-30,CUST0123,249.37,Shirts
2026-07-30,CUST0066,311.97,Ethnic Wear
2026-07-30,CUST0001,262.99,Saree
2026-07-30,CUST0070,231.8,Kurta
2026-07-31,CUST0091,234.8,Trousers
2026-07-31,CUST0060,273.08,Kids Wear
2026-07-31,CUST0144,323.71,Kids Wear
2026-07-31,CUST0108,213.47,Kids Wear
2026-07-31,CUST0123,381.84,Saree
2026-07-31,CUST0071,272.0,Shirts
2026-07-31,CUST0140,336.01,Shirts
2026-07-31,CUST0004,277.18,Kids Wear
2026-07-31,CUST0071,199.44,Shirts
2026-07-31,CUST0078,257.04,Ethnic Wear
2026-07-31,CUST0037,218.84,Kurta
2026-07-31,CUST0090,207.96,Kurta
2026-07-31,CUST0053,236.93,Shirts
2026-08-01,CUST0036,218.73,Ethnic Wear
2026-08-01,CUST0035,213.4,Ethnic Wear
2026-08-01,CUST0120,220.19,Ethnic Wear
2026-08-01,CUST0150,327.02,Kurta
2026-08-01,CUST0110,222.82,Kurta
2026-08-01,CUST0018,249.07,Ethnic Wear
2026-08-01,CUST0066,200.04,Saree
2026-08-01,CUST0025,282.74,Kids Wear
2026-08-01,CUST0061,200.43,Trousers
2026-08-01,CUST0162,377.36,Kids Wear
2026-08-01,CUST0054,213.11,Ethnic Wear
2026-08-01,CUST0066,230.24,Saree
2026-08-01,CUST0120,209.07,Saree
2026-08-01,CUST0107,248.47,Trousers
2026-08-01,CUST0071,258.15,Shirts
2026-08-01,CUST0138,307.37,Shirts
2026-08-02,CUST0129,342.82,Saree
2026-08-02,CUST0129,333.63,Kurta
2026-08-02,CUST0154,346.99,Saree
2026-08-02,CUST0146,282.94,Kids Wear
2026-08-02,CUST0042,253.88,Ethnic Wear
2026-08-02,CUST0050,210.56,Trousers
2026-08-02,CUST0049,220.58,Kurta
2026-08-02,CUST0090,247.52,Trousers
2026-08-02,CUST0071,212.31,Ethnic Wear
2026-08-02,CUST0062,229.03,Trousers
2026-08-02,CUST0020,233.74,Kurta
2026-08-02,CUST0085,241.76,Kurta
2026-08-02,CUST0076,214.23,Saree
2026-08-02,CUST0093,236.21,Trousers
2026-08-02,CUST0148,213.04,Shirts
2026-08-03,CUST0159,379.1,Kurta
2026-08-03,CUST0020,193.46,Shirts
2026-08-03,CUST0112,250.96,Saree
2026-08-03,CUST0093,212.39,Shirts
2026-08-03,CUST0117,241.49,Kurta
2026-08-03,CUST0057,236.2,Shirts
2026-08-03,CUST0013,194.31,Ethnic Wear
2026-08-03,CUST0076,189.88,Trousers
2026-08-03,CUST0020,249.26,Kurta
2026-08-03,CUST0102,218.43,Ethnic Wear
2026-08-03,CUST0050,248.58,Kids Wear
2026-08-03,CUST0126,254.83,Shirts
2026-08-03,CUST0117,193.26,Ethnic Wear
2026-08-03,CUST0096,253.78,Kurta
2026-08-03,CUST0053,237.48,Shirts
2026-08-03,CUST0005,215.92,Shirts
2026-08-04,CUST0112,220.58,Kurta
2026-08-04,CUST0037,248.25,Kids Wear
2026-08-04,CUST0081,206.76,Saree
2026-08-04,CUST0080,255.89,Shirts
2026-08-04,CUST0114,260.16,Ethnic Wear
2026-08-04,CUST0128,337.28,Trousers
2026-08-04,CUST0069,213.49,Kurta
2026-08-04,CUST0110,236.18,Saree
2026-08-04,CUST0011,218.7,Ethnic Wear
2026-08-04,CUST0089,204.72,Kurta
2026-08-04,CUST0034,233.35,Trousers
2026-08-04,CUST0041,225.39,Saree
2026-08-04,CUST0013,173.21,Ethnic Wear
2026-08-04,CUST0096,271.04,Shirts
2026-08-04,CUST0091,215.08,Ethnic Wear
2026-08-04,CUST0150,308.09,Ethnic Wear
2026-08-05,CUST0160,314.8,Kids Wear
2026-08-05,CUST0151,263.67,Shirts
2026-08-05,CUST0116,229.92,Shirts
2026-08-05,CUST0064,222.81,Kids Wear
2026-08-05,CUST0080,224.7,Saree
2026-08-05,CUST0079,243.44,Ethnic Wear
2026-08-05,CUST0136,357.8,Shirts
2026-08-05,CUST0022,249.43,Saree
2026-08-05,CUST0088,264.19,Ethnic Wear
2026-08-05,CUST0068,231.11,Kurta
2026-08-05,CUST0056,237.16,Shirts
2026-08-05,CUST0038,219.9,Kurta
2026-08-05,CUST0022,241.36,Trousers
2026-08-05,CUST0042,244.28,Ethnic Wear
2026-08-05,CUST0138,385.25,Kurta
2026-08-06,CUST0132,324.75,Kids Wear
2026-08-06,CUST0055,224.8,Saree
2026-08-06,CUST0039,265.03,Saree
2026-08-06,CUST0045,226.85,Kids Wear
2026-08-06,CUST0021,256.78,Shirts
2026-08-06,CUST0103,242.24,Kurta
2026-08-06,CUST0086,224.48,Shirts
2026-08-06,CUST0033,244.86,Kurta
2026-08-06,CUST0030,224.19,Kurta
2026-08-06,CUST0135,317.46,Kids Wear
2026-08-06,CUST0157,297.19,Trousers
2026-08-06,CUST0037,286.89,Saree
2026-08-07,CUST0036,229.52,Shirts
2026-08-07,CUST0096,179.72,Kids Wear
2026-08-07,CUST0111,255.74,Saree
2026-08-07,CUST0038,276.91,Shirts
2026-08-07,CUST0117,240.89,Saree
2026-08-07,CUST0107,243.17,Saree
2026-08-07,CUST0074,226.21,Kurta
2026-08-07,CUST0014,188.23,Trousers
2026-08-07,CUST0050,209.8,Ethnic Wear
2026-08-07,CUST0109,184.05,Trousers
2026-08-07,CUST0038,235.46,Kids Wear
2026-08-08,CUST0101,213.75,Kurta
2026-08-08,CUST0083,223.52,Shirts
2026-08-08,CUST0013,241.21,Kids Wear
2026-08-08,CUST0108,239.55,Shirts
2026-08-08,CUST0099,291.77,Saree
2026-08-08,CUST0087,250.82,Ethnic Wear
2026-08-08,CUST0025,224.62,Saree
2026-08-08,CUST0046,243.46,Trousers
2026-08-08,CUST0030,263.59,Saree
2026-08-08,CUST0037,198.04,Ethnic Wear
2026-08-08,CUST0107,254.27,Kids Wear
2026-08-08,CUST0161,335.89,Trousers
2026-08-09,CUST0117,260.94,Trousers
2026-08-09,CUST0047,243.34,Kurta
2026-08-09,CUST0022,222.25,Trousers
2026-08-09,CUST0112,223.89,Trousers
2026-08-09,CUST0160,269.09,Kids Wear
2026-08-09,CUST0101,246.97,Kurta
2026-08-09,CUST0023,223.06,Trousers
2026-08-09,CUST0015,244.43,Kurta
2026-08-09,CUST0042,236.79,Saree
2026-08-09,CUST0012,213.6,Kids Wear
2026-08-09,CUST0047,255.76,Saree
2026-08-09,CUST0135,306.19,Shirts
2026-08-09,CUST0104,210.53,Trousers
2026-08-09,CUST0106,228.25,Kids Wear
2026-08-09,CUST0155,337.93,Ethnic Wear
2026-08-09,CUST0151,370.14,Shirts
2026-08-10,CUST0154,332.9,Trousers
2026-08-10,CUST0129,295.63,Kurta
2026-08-10,CUST0129,354.35,Shirts
2026-08-10,CUST0002,215.66,Trousers
2026-08-10,CUST0051,268.89,Kids Wear
2026-08-10,CUST0016,203.88,Kurta
2026-08-10,CUST0019,253.92,Ethnic Wear
2026-08-10,CUST0029,211.95,Ethnic Wear
2026-08-10,CUST0093,256.74,Saree
2026-08-10,CUST0012,281.92,Ethnic Wear
2026-08-10,CUST0103,245.34,Saree
2026-08-11,CUST0114,206.86,Kids Wear
2026-08-11,CUST0042,296.14,Kids Wear
2026-08-11,CUST0082,237.73,Ethnic Wear
2026-08-11,CUST0029,238.23,Saree
2026-08-11,CUST0117,253.14,Saree
2026-08-11,CUST0084,247.03,Kurta
2026-08-11,CUST0018,240.6,Shirts
2026-08-11,CUST0005,215.24,Trousers
2026-08-11,CUST0061,242.0,Shirts
2026-08-11,CUST0014,233.61,Saree
2026-08-11,CUST0096,190.53,Saree
2026-08-11,CUST0075,272.4,Kurta
2026-08-11,CUST0142,282.32,Shirts
2026-08-11,CUST0082,251.36,Kids Wear
2026-08-12,CUST0090,222.22,Kids Wear
2026-08-12,CUST0054,236.39,Saree
2026-08-12,CUST0094,231.86,Trousers
2026-08-12,CUST0107,262.35,Kurta
2026-08-12,CUST0053,192.69,Kids Wear
2026-08-12,CUST0036,273.24,Shirts
2026-08-12,CUST0126,278.07,Kurta
2026-08-12,CUST0054,210.26,Saree
2026-08-12,CUST0086,274.83,Kids Wear
2026-08-12,CUST0015,246.79,Shirts
2026-08-12,CUST0114,282.05,Kurta
2026-08-12,CUST0124,294.49,Trousers
2026-08-12,CUST0162,318.98,Shirts
2026-08-12,CUST0152,311.08,Kids Wear
2026-08-12,CUST0050,268.64,Kurta
2026-08-13,CUST0016,202.75,Kids Wear
2026-08-13,CUST0083,255.58,Kurta
2026-08-13,CUST0051,236.83,Trousers
2026-08-13,CUST0106,202.62,Kurta
2026-08-13,CUST0085,226.61,Trousers
2026-08-13,CUST0082,276.73,Saree
2026-08-13,CUST0048,193.63,Kurta
2026-08-13,CUST0028,231.05,Kurta
2026-08-13,CUST0155,345.81,Kurta
2026-08-13,CUST0031,224.33,Ethnic Wear
2026-08-13,CUST0156,317.9,Trousers
2026-08-13,CUST0156,282.43,Saree
2026-08-13,CUST0132,361.14,Ethnic Wear
2026-08-13,CUST0144,332.79,Kids Wear
2026-08-13,CUST0136,268.94,Kids Wear
2026-08-13,CUST0013,209.7,Kids Wear
2026-08-14,CUST0030,229.23,Trousers
2026-08-14,CUST0019,252.41,Ethnic Wear
2026-08-14,CUST0122,287.91,Kids Wear
2026-08-14,CUST0071,167.58,Trousers
2026-08-14,CUST0028,233.64,Ethnic Wear
2026-08-14,CUST0101,228.86,Saree
2026-08-14,CUST0032,197.42,Kids Wear
2026-08-14,CUST0007,228.51,Ethnic Wear
2026-08-14,CUST0009,228.18,Ethnic Wear
2026-08-15,CUST0136,282.0,Kurta
2026-08-15,CUST0133,339.85,Kids Wear
2026-08-15,CUST0143,306.71,Kids Wear
2026-08-15,CUST0162,251.43,Shirts
2026-08-15,CUST0127,318.95,Kurta
2026-08-15,CUST0061,221.33,Kurta
2026-08-15,CUST0015,220.66,Saree
2026-08-15,CUST0095,231.39,Kurta
2026-08-15,CUST0042,234.4,Shirts
2026-08-15,CUST0101,235.35,Trousers
2026-08-15,CUST0002,236.48,Kurta
2026-08-15,CUST0111,299.33,Shirts
2026-08-15,CUST0023,207.34,Shirts
2026-08-15,CUST0070,228.28,Trousers
2026-08-15,CUST0019,263.16,Kids Wear
2026-08-15,CUST0001,281.22,Trousers
2026-08-15,CUST0034,239.95,Shirts
2026-08-15,CUST0145,367.6,Trousers
2026-08-16,CUST0128,351.77,Kurta
2026-08-16,CUST0130,335.95,Kids Wear
2026-08-16,CUST0145,317.86,Trousers
2026-08-16,CUST0055,266.15,Saree
2026-08-16,CUST0101,237.66,Kids Wear
2026-08-16,CUST0154,312.39,Kurta
2026-08-16,CUST0066,234.18,Saree
2026-08-16,CUST0062,262.29,Ethnic Wear
2026-08-16,CUST0058,221.41,Kurta
2026-08-16,CUST0004,168.73,Shirts
2026-08-16,CUST0079,217.18,Shirts
2026-08-16,CUST0063,183.17,Saree
2026-08-16,CUST0059,272.6,Saree
2026-08-16,CUST0085,228.63,Kurta
2026-08-17,CUST0131,358.26,Ethnic Wear
2026-08-17,CUST0128,290.42,Shirts
2026-08-17,CUST0084,221.89,Ethnic Wear
2026-08-17,CUST0015,206.77,Ethnic Wear
2026-08-17,CUST0010,226.43,Ethnic Wear
2026-08-17,CUST0065,266.79,Saree
2026-08-17,CUST0042,225.71,Saree
2026-08-17,CUST0068,258.39,Trousers
2026-08-17,CUST0049,278.81,Kids Wear
2026-08-17,CUST0009,199.81,Shirts
2026-08-17,CUST0080,215.55,Saree
2026-08-17,CUST0071,207.24,Saree
2026-08-17,CUST0013,253.04,Ethnic Wear
2026-08-18,CUST0095,249.83,Kurta
2026-08-18,CUST0056,250.4,Shirts
2026-08-18,CUST0107,207.97,Shirts
2026-08-18,CUST0061,263.98,Shirts
2026-08-18,CUST0086,246.11,Trousers
2026-08-18,CUST0041,252.77,Kurta
2026-08-18,CUST0054,225.63,Saree
2026-08-18,CUST0106,228.99,Kurta
2026-08-18,CUST0030,252.82,Kurta
2026-08-18,CUST0056,204.45,Kurta
2026-08-18,CUST0093,247.23,Ethnic Wear
2026-08-18,CUST0020,225.98,Saree
2026-08-19,CUST0065,199.79,Trousers
2026-08-19,CUST0118,221.93,Saree
2026-08-19,CUST0037,261.23,Saree
2026-08-19,CUST0046,258.1,Ethnic Wear
2026-08-19,CUST0086,203.72,Shirts
2026-08-19,CUST0046,217.39,Shirts
2026-08-19,CUST0072,243.15,Saree
2026-08-19,CUST0072,227.26,Shirts
2026-08-19,CUST0097,230.38,Kurta
2026-08-20,CUST0089,234.06,Trousers
2026-08-20,CUST0119,244.98,Saree
2026-08-20,CUST0072,221.38,Shirts
2026-08-20,CUST0079,232.58,Saree
2026-08-20,CUST0099,240.28,Ethnic Wear
2026-08-20,CUST0015,264.99,Shirts
2026-08-20,CUST0029,182.95,Ethnic Wear
2026-08-20,CUST0024,262.58,Trousers
2026-08-20,CUST0098,278.87,Trousers
2026-08-20,CUST0072,202.99,Kurta
2026-08-20,CUST0014,250.15,Kurta
2026-08-20,CUST0062,196.08,Trousers
2026-08-20,CUST0109,277.41,Saree
2026-08-20,CUST0098,237.86,Trousers
2026-08-21,CUST0022,205.12,Shirts
2026-08-21,CUST0045,238.76,Shirts
2026-08-21,CUST0085,233.58,Kurta
2026-08-21,CUST0019,242.7,Saree
2026-08-21,CUST0112,225.91,Shirts
2026-08-21,CUST0093,230.4,Trousers
2026-08-21,CUST0021,239.27,Kurta
2026-08-21,CUST0073,235.46,Saree
2026-08-21,CUST0068,201.3,Trousers
2026-08-21,CUST0004,192.25,Shirts
2026-08-21,CUST0054,253.58,Kurta
2026-08-22,CUST0009,201.95,Trousers
2026-08-22,CUST0020,243.69,Trousers
2026-08-22,CUST0080,221.51,Shirts
2026-08-22,CUST0011,215.54,Trousers
2026-08-22,CUST0085,239.9,Kurta
2026-08-22,CUST0078,210.54,Kurta
2026-08-22,CUST0035,245.21,Trousers
2026-08-22,CUST0066,192.44,Shirts
2026-08-22,CUST0056,260.73,Shirts
2026-08-23,CUST0063,230.98,Kurta
2026-08-23,CUST0036,215.63,Kids Wear
2026-08-23,CUST0068,241.4,Saree
2026-08-23,CUST0006,259.57,Trousers
2026-08-23,CUST0077,276.64,Shirts
2026-08-23,CUST0027,260.36,Trousers
2026-08-23,CUST0028,188.98,Ethnic Wear
2026-08-23,CUST0098,203.01,Trousers
2026-08-23,CUST0042,219.38,Shirts
2026-08-23,CUST0064,235.65,Saree
2026-08-23,CUST0023,247.94,Shirts
2026-08-23,CUST0069,216.86,Saree
2026-08-23,CUST0065,239.67,Saree
2026-08-23,CUST0086,216.12,Ethnic Wear
2026-08-23,CUST0087,246.81,Saree
2026-08-24,CUST0003,300.81,Kids Wear
2026-08-24,CUST0038,211.27,Shirts
2026-08-24,CUST0055,210.6,Saree
2026-08-24,CUST0091,261.34,Saree
2026-08-24,CUST0059,211.92,Kids Wear
2026-08-24,CUST0006,199.83,Kurta
2026-08-24,CUST0051,219.71,Ethnic Wear
2026-08-24,CUST0111,201.21,Trousers
2026-08-25,CUST0100,215.96,Saree
2026-08-25,CUST0108,216.74,Trousers
2026-08-25,CUST0043,263.73,Ethnic Wear
2026-08-25,CUST0096,232.6,Trousers
2026-08-25,CUST0051,299.0,Ethnic Wear
2026-08-25,CUST0052,238.05,Kurta
2026-08-25,CUST0056,252.51,Ethnic Wear
2026-08-25,CUST0118,213.54,Kurta
2026-08-25,CUST0059,239.62,Ethnic Wear
2026-08-25,CUST0103,247.33,Kids Wear
2026-08-25,CUST0032,220.61,Kurta
2026-08-26,CUST0019,220.94,Trousers
2026-08-26,CUST0023,250.81,Saree
2026-08-26,CUST0105,280.31,Saree
2026-08-26,CUST0019,252.69,Trousers
2026-08-26,CUST0045,219.33,Saree
2026-08-26,CUST0116,279.27,Ethnic Wear
2026-08-26,CUST0068,234.13,Kurta
2026-08-26,CUST0066,217.42,Saree
2026-08-27,CUST0010,255.85,Trousers
2026-08-27,CUST0083,250.52,Saree
2026-08-27,CUST0080,239.44,Trousers
2026-08-27,CUST0081,201.62,Trousers
2026-08-27,CUST0057,244.5,Shirts
2026-08-27,CUST0057,250.26,Saree
2026-08-27,CUST0102,248.99,Trousers
2026-08-27,CUST0008,262.02,Kurta
2026-08-27,CUST0097,216.82,Saree
2026-08-27,CUST0119,233.14,Ethnic Wear
2026-08-27,CUST0081,195.74,Kurta
2026-08-27,CUST0075,228.81,Kurta
2026-08-27,CUST0023,250.55,Kids Wear
2026-08-27,CUST0098,259.31,Saree
2026-08-28,CUST0104,261.33,Saree
2026-08-28,CUST0061,252.04,Kurta
2026-08-28,CUST0025,234.01,Trousers
2026-08-28,CUST0006,207.97,Kurta
2026-08-28,CUST0102,203.08,Saree
2026-08-28,CUST0060,241.79,Saree
2026-08-28,CUST0077,240.19,Kurta
2026-08-28,CUST0110,245.74,Shirts
2026-08-28,CUST0083,193.48,Ethnic Wear
2026-08-28,CUST0107,233.25,Trousers
2026-08-28,CUST0005,246.48,Shirts
2026-08-29,CUST0057,223.44,Kurta
2026-08-29,CUST0079,224.14,Trousers
2026-08-29,CUST0032,237.4,Saree
2026-08-29,CUST0083,222.1,Trousers
2026-08-29,CUST0048,227.27,Kids Wear
2026-08-29,CUST0116,235.74,Ethnic Wear
2026-08-29,CUST0058,235.71,Shirts
2026-08-29,CUST0002,216.14,Saree
2026-08-29,CUST0092,258.46,Shirts
2026-08-30,CUST0087,223.03,Saree
2026-08-30,CUST0053,240.55,Ethnic Wear
2026-08-30,CUST0102,266.39,Saree
2026-08-30,CUST0117,239.91,Saree
2026-08-30,CUST0013,230.33,Saree
2026-08-30,CUST0050,224.01,Trousers
2026-08-30,CUST0093,271.17,Ethnic Wear
2026-08-30,CUST0020,260.8,Trousers
2026-08-30,CUST0075,197.86,Saree
2026-08-30,CUST0118,241.68,Trousers
2026-08-30,CUST0043,212.63,Shirts
2026-08-31,CUST0099,227.96,Kurta
2026-08-31,CUST0028,224.5,Trousers
2026-08-31,CUST0047,221.93,Trousers
2026-08-31,CUST0066,274.49,Kurta
2026-08-31,CUST0083,271.33,Saree
2026-08-31,CUST0095,225.93,Kids Wear
2026-08-31,CUST0117,223.86,Kurta
2026-08-31,CUST0043,270.23,Ethnic Wear
2026-08-31,CUST0049,222.07,Saree
2026-08-31,CUST0011,261.64,Trousers
2026-08-31,CUST0017,237.06,Saree
2026-08-31,CUST0090,257.24,Saree
2026-08-31,CUST0086,292.47,Saree
2026-09-01,CUST0038,212.03,Ethnic Wear
2026-09-01,CUST0034,230.81,Trousers
2026-09-01,CUST0018,201.39,Trousers
2026-09-01,CUST0070,215.81,Ethnic Wear
2026-09-01,CUST0077,210.04,Kurta
2026-09-01,CUST0099,273.76,Saree
2026-09-01,CUST0085,240.86,Trousers
2026-09-01,CUST0114,234.13,Kurta
2026-09-01,CUST0021,259.61,Trousers
2026-09-01,CUST0013,209.9,Kurta
2026-09-02,CUST0057,221.11,Kurta
2026-09-02,CUST0107,221.73,Trousers
2026-09-02,CUST0101,219.06,Kurta
2026-09-02,CUST0087,219.42,Kids Wear
2026-09-02,CUST0030,242.23,Kurta
2026-09-02,CUST0040,296.38,Kids Wear
2026-09-02,CUST0079,239.16,Trousers
2026-09-02,CUST0031,244.56,Kids Wear
2026-09-02,CUST0096,247.31,Ethnic Wear
2026-09-02,CUST0057,251.87,Shirts
2026-09-02,CUST0116,233.76,Trousers
2026-09-02,CUST0099,229.65,Saree
2026-09-02,CUST0047,206.93,Saree
2026-09-03,CUST0007,251.83,Ethnic Wear
2026-09-03,CUST0027,214.89,Shirts
2026-09-03,CUST0035,242.06,Kids Wear
2026-09-03,CUST0031,244.92,Saree
2026-09-03,CUST0041,278.82,Ethnic Wear
2026-09-03,CUST0017,228.72,Kurta
2026-09-03,CUST0062,202.49,Kids Wear
2026-09-03,CUST0098,275.56,Saree
2026-09-03,CUST0039,266.81,Saree
2026-09-03,CUST0088,242.49,Trousers
2026-09-03,CUST0031,214.42,Ethnic Wear
2026-09-03,CUST0012,258.29,Saree
2026-09-04,CUST0040,285.35,Shirts
2026-09-04,CUST0032,255.61,Shirts
2026-09-04,CUST0013,236.54,Saree
2026-09-04,CUST0032,233.35,Shirts
2026-09-04,CUST0021,179.36,Saree
2026-09-04,CUST0072,230.3,Shirts
2026-09-04,CUST0105,279.05,Shirts
2026-09-04,CUST0120,259.45,Kurta
2026-09-04,CUST0064,236.13,Kurta
2026-09-04,CUST0065,261.02,Kurta
2026-09-04,CUST0111,235.67,Shirts
2026-09-04,CUST0045,227.41,Ethnic Wear
2026-09-04,CUST0021,233.47,Ethnic Wear
2026-09-05,CUST0021,252.72,Saree
2026-09-05,CUST0060,230.03,Kids Wear
2026-09-05,CUST0044,211.39,Kurta
2026-09-05,CUST0078,260.5,Shirts
2026-09-05,CUST0058,232.1,Kurta
2026-09-05,CUST0052,206.15,Trousers
2026-09-05,CUST0111,244.21,Saree
2026-09-05,CUST0039,223.85,Kurta
2026-09-05,CUST0111,236.34,Kurta
2026-09-05,CUST0092,246.82,Ethnic Wear
2026-09-05,CUST0094,211.62,Trousers
2026-09-05,CUST0041,216.21,Trousers
2026-09-06,CUST0059,250.06,Ethnic Wear
2026-09-06,CUST0054,197.32,Shirts
2026-09-06,CUST0003,241.3,Trousers
2026-09-06,CUST0116,257.24,Ethnic Wear
2026-09-06,CUST0074,216.48,Trousers
2026-09-06,CUST0019,235.85,Shirts
2026-09-06,CUST0089,248.15,Saree
2026-09-06,CUST0083,205.75,Kurta
2026-09-06,CUST0014,230.85,Kurta
2026-09-06,CUST0062,264.88,Trousers
2026-09-06,CUST0104,245.2,Shirts
2026-09-06,CUST0098,267.3,Saree
2026-09-06,CUST0111,257.21,Kids Wear
2026-09-07,CUST0104,247.16,Saree
2026-09-07,CUST0060,247.2,Kurta
2026-09-07,CUST0051,259.39,Shirts
2026-09-07,CUST0064,241.63,Saree
2026-09-07,CUST0059,236.77,Kurta
2026-09-07,CUST0008,229.87,Ethnic Wear
2026-09-07,CUST0025,224.81,Saree
2026-09-07,CUST0113,244.58,Saree
2026-09-07,CUST0048,254.29,Kurta
2026-09-07,CUST0016,257.89,Kids Wear
2026-09-07,CUST0041,244.21,Ethnic Wear
2026-09-08,CUST0070,254.95,Kurta
2026-09-08,CUST0050,251.93,Shirts
2026-09-08,CUST0041,238.82,Trousers
2026-09-08,CUST0064,240.29,Kids Wear
2026-09-08,CUST0066,254.68,Kids Wear
2026-09-08,CUST0093,249.54,Kurta
2026-09-08,CUST0042,234.49,Kurta
2026-09-08,CUST0038,238.32,Ethnic Wear
2026-09-09,CUST0054,260.26,Trousers
2026-09-09,CUST0079,238.85,Kurta
2026-09-09,CUST0032,224.77,Ethnic Wear
2026-09-09,CUST0066,230.31,Trousers
2026-09-09,CUST0057,180.31,Shirts
2026-09-09,CUST0010,260.74,Trousers
2026-09-09,CUST0038,250.33,Shirts
2026-09-09,CUST0052,226.28,Trousers
2026-09-09,CUST0019,227.93,Shirts
2026-09-09,CUST0060,245.88,Kurta
2026-09-11,CUST0032,178.61,Shirts
2026-09-11,CUST0119,222.43,Saree
2026-09-11,CUST0120,212.32,Trousers
2026-09-11,CUST0018,228.07,Kurta
2026-09-11,CUST0090,219.63,Kurta
2026-09-11,CUST0011,216.21,Ethnic Wear
2026-09-11,CUST0028,238.78,Shirts
2026-09-11,CUST0054,227.15,Trousers
2026-09-11,CUST0038,246.77,Shirts
2026-09-12,CUST0013,172.38,Shirts
2026-09-12,CUST0088,242.29,Trousers
2026-09-12,CUST0086,193.55,Kurta
2026-09-12,CUST0030,235.04,Trousers
2026-09-12,CUST0120,221.4,Kurta
2026-09-12,CUST0023,219.57,Kids Wear
2026-09-12,CUST0029,204.98,Shirts
2026-09-12,CUST0053,216.24,Shirts
2026-09-12,CUST0068,235.54,Shirts
2026-09-12,CUST0084,246.41,Trousers
2026-09-12,CUST0071,231.03,Saree
2026-09-12,CUST0106,228.12,Shirts
2026-09-12,CUST0007,211.52,Saree
2026-09-13,CUST0113,186.89,Shirts
2026-09-13,CUST0084,203.8,Shirts
2026-09-13,CUST0113,215.6,Shirts
2026-09-13,CUST0097,233.9,Trousers
2026-09-13,CUST0042,199.55,Trousers
2026-09-13,CUST0012,219.26,Shirts
2026-09-13,CUST0021,219.24,Trousers
2026-09-13,CUST0037,234.3,Shirts
2026-09-13,CUST0013,261.28,Shirts
2026-09-13,CUST0119,223.15,Kurta
2026-09-13,CUST0018,217.65,Shirts
2026-09-13,CUST0120,242.13,Kurta
2026-09-14,CUST0061,235.77,Saree
2026-09-14,CUST0037,222.82,Saree
2026-09-14,CUST0033,225.53,Ethnic Wear
2026-09-14,CUST0062,234.72,Shirts
2026-09-14,CUST0118,209.64,Shirts
2026-09-14,CUST0117,219.62,Trousers
2026-09-14,CUST0005,241.92,Shirts
2026-09-14,CUST0093,217.01,Shirts
2026-09-14,CUST0095,225.3,Shirts
2026-09-14,CUST0084,193.36,Shirts
2026-09-14,CUST0083,199.68,Kurta
2026-09-14,CUST0026,242.42,Shirts
2026-09-14,CUST0117,227.27,Shirts
2026-09-14,CUST0031,199.52,Shirts
2026-09-14,CUST0095,246.07,Shirts
2026-09-14,CUST0035,214.25,Saree
2026-09-14,CUST0099,227.52,Saree
2026-09-14,CUST0014,197.64,Kurta
2026-09-14,CUST0062,197.5,Shirts
2026-09-15,CUST0007,205.87,Shirts
2026-09-15,CUST0082,257.91,Shirts
2026-09-15,CUST0057,224.96,Shirts
2026-09-15,CUST0116,246.92,Kurta
2026-09-15,CUST0035,212.01,Saree
2026-09-15,CUST0061,199.57,Ethnic Wear
2026-09-15,CUST0008,213.32,Saree
2026-09-15,CUST0053,258.61,Shirts
2026-09-16,CUST0096,212.97,Ethnic Wear
2026-09-16,CUST0092,203.79,Ethnic Wear
2026-09-16,CUST0001,232.73,Saree
2026-09-16,CUST0043,192.36,Shirts
2026-09-16,CUST0084,220.61,Saree
2026-09-16,CUST0109,227.31,Saree
2026-09-16,CUST0079,191.45,Kids Wear
2026-09-16,CUST0069,229.99,Shirts
2026-09-16,CUST0092,187.75,Trousers
2026-09-16,CUST0072,214.67,Shirts
2026-09-16,CUST0026,195.27,Saree
2026-09-16,CUST0076,202.12,Shirts
2026-09-17,CUST0069,188.69,Kids Wear
2026-09-17,CUST0030,223.12,Ethnic Wear
2026-09-17,CUST0074,206.54,Trousers
2026-09-17,CUST0099,199.94,Saree
2026-09-17,CUST0045,223.29,Shirts
2026-09-17,CUST0037,189.1,Trousers
2026-09-17,CUST0006,196.73,Kids Wear
2026-09-17,WALK-IN,240.48,Shirts
2026-09-17,WALK-IN,349.26,Other
2026-09-17,WALK-IN,220.31,Trousers
2026-09-17,WALK-IN,425.57,Kurta
2026-09-17,WALK-IN,353.81,Kurta
2026-09-17,WALK-IN,383.57,Trousers
